"","lon","lat","Freq"
"1","-0.1202969","51.5123483",2
"2","-0.1248675","51.5209607",1
"3","-0.1277583","51.5073509",17
"4","-0.137163","50.82253",1
"5","-0.1601246","52.9451889",1
"6","-0.2376744","51.8097823",1
"7","-0.4598461","39.4563374",1
"8","-0.57918","44.837789",3
"9","-0.8897421","41.6488696",1
"10","-0.9847132","50.8518324",1
"11","-0.9936306","53.100319",1
"12","-1.051409","43.724934",1
"13","-1.1057192","50.7946785",1
"14","-1.1397592","52.6368778",1
"15","-1.1743197","52.3555177",7
"16","-1.304734","50.6938479",1
"17","-1.310142","51.059771",1
"18","-1.3153733","50.8899294",1
"19","-1.479726","53.55263",1
"20","-1.519693","52.406822",1
"21","-1.5523111","53.8043793",1
"22","-1.8585446","38.9944091",1
"23","-1.890401","52.486243",1
"24","-100.1875974","25.7815621",2
"25","-100.3161126","25.6866142",5
"26","-100.8112885","20.5279612",1
"27","-100.9836611","25.43208",1
"28","-101.1949825","19.7059504",2
"29","-101.3544964","20.6786652",1
"30","-101.6157773","41.5680276",1
"31","-101.6859605","21.1250077",1
"32","-101.7068294","19.5665192",1
"33","-101.8551665","33.5778631",1
"34","-102.0461233","19.6464537",1
"35","-102.1943485","17.9567646",1
"36","-102.2915677","21.8852562",1
"37","-102.3676431","31.8456816",1
"38","-102.4107493","34.2331373",10
"39","-102.552784","23.634501",30
"40","-103.3496092","20.6596988",2
"41","-104.5229281","33.3945681",3
"42","-104.7322697","40.5826193",1
"43","-104.8495969","39.7814539",1
"44","-104.990251","39.7392358",2
"45","-104.9943814","39.7599117",1
"46","-105.0749801","40.3977612",1
"47","-105.2210997","39.755543",1
"48","-105.2551187","54.5259614",2
"49","-105.2705456","40.0149856",1
"50","-105.537257","53.321458",1
"51","-105.7820674","39.5500507",3
"52","-105.7858825","34.181077",1
"53","-105.8700901","34.5199402",2
"54","-106.346771","56.130366",8
"55","-106.4245478","31.6903638",1
"56","-106.4850217","31.7618778",2
"57","-106.6055534","35.0853336",3
"58","-107.2902839","43.0759678",1
"59","-107.4795173","25.1721091",1
"60","-107.8144772","37.6305177",2
"61","-108.153234","32.778651",1
"62","-109.0451868","36.9989773",1
"63","-11.779889","8.460555",1
"64","-110.6819335","45.3799612",1
"65","-110.9559192","29.0729673",1
"66","-111.0937311","34.0489281",4
"67","-111.6585337","40.2338438",1
"68","-111.789027","33.3528264",1
"69","-111.8910474","40.7607793",2
"70","-111.9260519","33.4941704",1
"71","-111.9400054","33.4255104",1
"72","-111.961946","33.293242",1
"73","-112.0731858","33.4508771",1
"74","-112.0740373","33.4483771",2
"75","-112.1221652","33.4926777",1
"76","-112.2178565","33.4951996",1
"77","-113.8112386","52.2681118",1
"78","-114.0653692","51.0454583",1
"79","-114.0708459","51.0486151",1
"80","-114.6276916","32.6926512",1
"81","-114.9817213","36.0395247",1
"82","-115.0509497","36.1167447",1
"83","-115.0837073","36.1053449",2
"84","-115.1175013","36.1988592",1
"85","-115.1398296","36.1699412",3
"86","-115.1760676","35.952828",1
"87","-115.4522623","32.6245389",1
"88","-115.4889518","32.6130149",1
"89","-116.2146068","43.6187102",4
"90","-116.2155619","33.7205771",1
"91","-116.2895173","33.6562975",1
"92","-116.3100095","33.6633573",1
"93","-116.419389","34.9592083",2
"94","-116.8764103","33.9255713",1
"95","-116.9744603","32.8256588",1
"96","-117.0841955","32.6400541",1
"97","-117.0844872","32.6425901",1
"98","-117.1610838","32.715738",6
"99","-117.2648503","33.0923041",1
"100","-117.3961564","33.9533487",1
"101","-117.435048","34.0922335",1
"102","-117.5848025","33.952463",1
"103","-117.7912139","33.8896221",1
"104","-117.8108201","33.6400598",1
"105","-117.8311428","33.7174708",2
"106","-117.845466","33.759516",1
"107","-117.8673659","33.8529366",1
"108","-117.8903397","34.0900091",1
"109","-117.9145036","33.8352932",1
"110","-117.9242966","33.8703596",1
"111","-117.9939921","33.7513419",1
"112","-118.0019482","34.1442616",1
"113","-118.0025715","33.6764158",1
"114","-118.0840212","33.728714",1
"115","-118.1339563","33.8536269",1
"116","-118.1561533","33.7792176",1
"117","-118.1669736","34.0224417",1
"118","-118.1937395","33.7700504",2
"119","-118.1939561","34.0369601",1
"120","-118.2353273","34.0445575",1
"121","-118.2436849","34.0522342",35
"122","-118.2930663","34.0910444",1
"123","-118.3089661","34.1808392",2
"124","-118.3286614","34.0928092",1
"125","-118.3484173","34.1755619",1
"126","-118.3531311","33.9616801",1
"127","-118.3617443","34.0900091",1
"128","-118.3707465","34.0902192",1
"129","-118.4003563","34.0736204",1
"130","-119.0607423","35.2874451",1
"131","-119.4179324","36.778261",10
"132","-119.6981901","34.4208305",1
"133","-120.2308167","37.8388779",1
"134","-120.612393","35.0988648",1
"135","-120.7401386","47.7510741",2
"136","-120.8958242","38.8375215",1
"137","-121.082167","38.6857367",1
"138","-121.2907796","37.9577016",1
"139","-121.4943996","38.5815719",3
"140","-121.513553","38.580434",1
"141","-121.7690133","36.90447",1
"142","-121.8863286","37.3382082",4
"143","-121.8946761","36.6002378",1
"144","-121.910441","47.5381489",1
"145","-121.9157834","37.7962428",1
"146","-122.0307963","36.9741171",1
"147","-122.0863522","37.6940973",1
"148","-122.1750657","37.4200507",4
"149","-122.2011075","40.1998777",1
"150","-122.2363548","37.4852152",1
"151","-122.2566367","38.1040864",1
"152","-122.2711137","37.8043637",3
"153","-122.2864615","47.8205179",1
"154","-122.2913078","37.8271784",2
"155","-122.3127747","47.667344",1
"156","-122.3244832","37.5635465",1
"157","-122.3320708","47.6062095",10
"158","-122.3416174","47.6083737",1
"159","-122.3963987","37.7912557",1
"160","-122.4194155","37.7749295",5
"161","-122.4580356","38.291859",1
"162","-122.4786854","48.7519112",1
"163","-122.539846","47.0042643",1
"164","-122.6764816","45.5230622",2
"165","-122.7140548","38.440429",2
"166","-122.9542972","46.7162136",1
"167","-122.9888319","38.5779555",1
"168","-123.0262077","44.9901194",1
"169","-123.1207375","49.2827291",4
"170","-123.3746913","48.4470337",1
"171","-123.486364","43.487633",1
"172","-123.7643986","49.7604377",1
"173","-123.9226385","45.9931636",1
"174","-149.1127778","61.5997222",1
"175","-149.9002778","61.2180556",1
"176","-159.4754429","21.8811991",1
"177","-16.6291304","28.2915637",2
"178","-16.924671","32.660042",1
"179","-2.047327","48.454366",1
"180","-2.12882","52.586973",1
"181","-2.1374162","40.0703925",1
"182","-2.2426305","53.4807593",1
"183","-2.3221622","36.8669997",1
"184","-2.7021047","53.6823877",1
"185","-2.715974","52.056398",1
"186","-2.7854954","56.0435147",1
"187","-2.897404","53.279812",1
"188","-2.9326435","48.2020471",2
"189","-2.96083","53.4308294",1
"190","-2.9721152","51.34444",1
"191","-3.1885551","57.4897171",1
"192","-3.435973","55.378051",8
"193","-3.5231484","34.9396677",1
"194","-3.556791","51.485027",1
"195","-3.6883445","40.4530541",1
"196","-3.7037902","40.4167754",4
"197","-3.7038322","40.4167515",2
"198","-3.74922","40.463667",15
"199","-3.7837117","52.1306607",1
"200","-34.8448668","-7.1194958",1
"201","-35.200916","-5.7792569",2
"202","-35.882916","-7.219842",1
"203","-36.954107","-8.8137173",1
"204","-38.502304","-12.9730401",2
"205","-38.5266704","-3.7318616",1
"206","-39.1127352","-14.1502977",1
"207","-39.3206241","-5.4983977",1
"208","-4.015547","5.3170741",1
"209","-4.2026458","56.4906712",1
"210","-4.251806","55.864237",2
"211","-4.397714","55.796711",1
"212","-4.4213988","36.7212737",1
"213","-4.786493","37.894722",1
"214","-43.1152211","-22.8858975",1
"215","-43.1728965","-22.9068467",8
"216","-43.1819148","-22.9070828",1
"217","-43.196804","-22.9114522",1
"218","-43.3030143","-22.8184513",1
"219","-43.4607419","-22.7561319",1
"220","-43.4806912","-22.4577374",1
"221","-43.7779091","-22.8631923",1
"222","-43.7850227","-20.6639305",1
"223","-43.8947172","-19.8096435",1
"224","-43.9344931","-19.9166813",2
"225","-44.0808763","-19.9161508",1
"226","-46.3288865","-23.9678823",1
"227","-46.6333094","-23.5505199",13
"228","-47.8821658","-15.7942287",1
"229","-48.4901968","-1.4557794",1
"230","-48.6356285","-26.9930938",1
"231","-49.0586951","-22.314459",1
"232","-49.1331046","-5.3811326",1
"233","-49.1743626","-26.7376205",1
"234","-49.2647943","-16.6868912",1
"235","-49.267137","-25.4289541",1
"236","-5.0527125","50.2660471",1
"237","-5.361006","36.165779",1
"238","-5.6559884","40.9704976",1
"239","-5.6635397","40.9701039",1
"240","-5.7467879","41.5034712",1
"241","-5.8593267","43.3613953",1
"242","-5.8719234","37.5486335",1
"243","-5.9844589","37.3890924",6
"244","-50.0803953","-20.4056611",1
"245","-50.5181108","-29.8272335",1
"246","-51.2176986","-30.0346316",2
"247","-51.3930254","-22.121114",1
"248","-51.92528","-14.235004",24
"249","-52.0215415","-25.2520888",1
"250","-52.2104006","-3.1986664",1
"251","-52.4160039","-28.2587812",1
"252","-52.893221","-30.0336816",1
"253","-54.0728404","-1.9981616",1
"254","-54.578599","-25.5971635",1
"255","-55.491477","-8.783195",1
"256","-55.765835","-32.522779",1
"257","-56.6903929","-36.5440512",1
"258","-56.7295415","-2.6377821",1
"259","-57.575926","-25.2637399",1
"260","-58.1755669","-26.1857768",1
"261","-58.276012","-34.7965806",1
"262","-58.3812772","-34.8854021",1
"263","-58.3815591","-34.6036844",8
"264","-58.408183","-34.637053",1
"265","-58.4302476","-34.7611823",1
"266","-58.443832","-23.442503",1
"267","-58.467831","-34.600823",1
"268","-58.5286102","-34.470829",1
"269","-58.5671668","-34.5012257",1
"270","-58.791382","-34.6340099",1
"271","-58.9855547","-27.4518622",1
"272","-59.0243784","-27.4257175",1
"273","-59.5988089","13.1132219",1
"274","-59.8540382","-36.7749672",1
"275","-59.933333","-29.233333",1
"276","-6.106338","53.203327",1
"277","-6.1260744","36.6850064",1
"278","-6.2588369","36.6393281",1
"279","-6.2603097","53.3498053",3
"280","-6.3722951","39.4752671",1
"281","-6.4058423","38.6914575",1
"282","-60.2110494","-33.3334669",1
"283","-60.6981989","11.2317706",1
"284","-60.912713","14.704716",1
"285","-61.4916422","-31.2525979",1
"286","-63.588653","-16.290154",2
"287","-63.616672","-38.416097",10
"288","-63.9113296","10.9970723",1
"289","-64.1887761","-31.4200833",5
"290","-64.264167","-27.7833574",1
"291","-64.896335","18.335765",1
"292","-65.0317175","-42.7694476",1
"293","-65.1654205","-26.8341103",1
"294","-66.3119138","18.2165154",1
"295","-66.38767","18.4443908",1
"296","-66.58973","6.42375",2
"297","-66.590149","18.220833",1
"298","-66.8376912","-29.4155192",1
"299","-66.9036063","10.4805937",3
"300","-66.9213628","10.587508",1
"301","-66.9511459","10.5004352",1
"302","-67.9954929","-38.938771",1
"303","-68.0591888","-38.9516784",1
"304","-68.8458386","-32.8894587",1
"305","-69.0647838","44.2097928",1
"306","-69.2168291","-51.6230485",1
"307","-69.2996732","18.4720698",1
"308","-69.3354","-15.9254",1
"309","-69.3473509","10.0677719",1
"310","-69.3583389","10.0928301",1
"311","-69.4454689","45.253783",2
"312","-7.6920536","53.1423672",2
"313","-70.0364404","12.5170398",1
"314","-70.1356692","-20.2307033",1
"315","-70.162651","18.735693",1
"316","-70.250557","43.656721",1
"317","-70.2962408","41.6687897",1
"318","-70.5361637","-33.4411781",1
"319","-70.6504492","-33.4378305",1
"320","-70.6692655","-33.4488897",3
"321","-70.7625532","43.0717552",1
"322","-70.8119953","-9.0237964",1
"323","-70.8226541","43.9653889",1
"324","-70.9915997","42.4136428",3
"325","-71","25",1
"326","-71.0022705","42.2528772",1
"327","-71.042551","42.1619739",1
"328","-71.0510248","42.3584131",1
"329","-71.0536625","42.40843",1
"330","-71.0550616","42.3635628",1
"331","-71.0588801","42.3600825",23
"332","-71.0602131","42.3782065",1
"333","-71.0723391","42.5039395",1
"334","-71.0971345","42.3466029",1
"335","-71.0994888","42.3627257",1
"336","-71.1522765","42.4792618",1
"337","-71.1550451","41.7014912",1
"338","-71.1564729","42.4153925",1
"339","-71.1631137","42.7070354",1
"340","-71.1969882","-30.604304",1
"341","-71.2079809","46.8138783",2
"342","-71.2478251","42.0653812",3
"343","-71.2519374","-29.9026691",2
"344","-71.2676089","42.092689",1
"345","-71.3700545","41.8137116",1
"346","-71.3739272","42.8651298",1
"347","-71.3824374","42.4072107",13
"348","-71.3854775","41.8192488",1
"349","-71.3967256","42.1417641",1
"350","-71.4128343","41.8239891",1
"351","-71.4177218","42.2151598",1
"352","-71.4547891","42.9956397",2
"353","-71.4633956","42.2612067",1
"354","-71.4774291","41.5800945",1
"355","-71.542969","-35.675147",3
"356","-71.566139","42.391736",1
"357","-71.5723953","43.1938516",1
"358","-71.8022934","42.2625932",3
"359","-71.8824288","45.4009928",1
"360","-72.0883141","41.5226257",1
"361","-72.2485171","11.3789335",1
"362","-72.2495231","41.8084314",1
"363","-72.285215","18.971187",1
"364","-72.5213419","43.8205295",1
"365","-72.5215009","41.7759301",2
"366","-72.558135","42.853053",1
"367","-72.5778415","44.5588028",1
"368","-72.7330526","41.8844358",1
"369","-72.8069247","41.2788808",1
"370","-72.9167838","11.5384151",1
"371","-72.9252738","41.3539107",1
"372","-72.9411364","-41.468917",1
"373","-73.087749","41.6032207",1
"374","-73.134961","40.789142",1
"375","-73.1709604","44.4669941",1
"376","-73.4206529","40.8607612",1
"377","-73.567256","45.5016889",1
"378","-73.7562317","42.6525793",1
"379","-73.7948516","40.7282239",1
"380","-73.7948516","41.1220194",1
"381","-73.8183804","41.6915997",1
"382","-73.8648268","40.8447819",1
"383","-73.9202391","41.6002842",7
"384","-73.9356606","40.6832251",1
"385","-73.940613","40.818817",1
"386","-73.9441579","40.6781784",4
"387","-73.955995","40.719283",1
"388","-73.9616659","40.777365",1
"389","-73.9616957","40.716755",1
"390","-73.9712488","40.7830603",3
"391","-73.9746494","40.7609595",1
"392","-73.9788248","40.7521501",2
"393","-73.9805361","40.7634381",1
"394","-73.9856644","40.7484405",1
"395","-73.9867329","40.7567217",1
"396","-73.9868938","40.7477385",1
"397","-73.9896272","40.7673195",1
"398","-73.990137","40.7263774",1
"399","-73.9914259","40.7474692",2
"400","-74.0018987","40.719393",1
"401","-74.0021511","40.6188134",1
"402","-74.0059413","40.7127837",26
"403","-74.0091604","40.7050758",1
"404","-74.0110306","40.703295",1
"405","-74.072092","4.7109886",3
"406","-74.077072","40.9290779",1
"407","-74.0973675","40.6337964",1
"408","-74.1502007","40.5795317",1
"409","-74.2107006","40.6639916",1
"410","-74.2330039","40.790429",1
"411","-74.2431962","39.5592848",1
"412","-74.297333","4.570868",6
"413","-74.3000878","40.2136754",1
"414","-74.3118212","39.9652553",1
"415","-74.4056612","40.0583238",7
"416","-74.5240422","39.3898388",1
"417","-74.730345","45.0212762",1
"418","-74.8175423","38.9938084",1
"419","-75.015152","-9.189967",4
"420","-75.060579","42.454481",1
"421","-75.1652215","39.9525839",4
"422","-75.2769154","39.9649391",1
"423","-75.3076883","39.957902",1
"424","-75.4661213","40.6978022",1
"425","-75.5276699","2.5359349",1
"426","-75.5812119","6.244203",2
"427","-75.5993692","38.3606736",1
"428","-75.9179738","42.0986867",1
"429","-76.2710833","-12.2720956",3
"430","-76.2858726","36.8507689",2
"431","-76.3055144","40.0378755",1
"432","-76.3431407","37.0260747",1
"433","-76.3729962","41.2967482",1
"434","-76.4488841","41.0019212",1
"435","-76.4730122","37.0870821",1
"436","-76.4859544","44.2311717",1
"437","-76.5271659","42.0103519",1
"438","-76.535758","3.45246",1
"439","-76.5380376","38.9797975",1
"440","-76.543127","39.398207",1
"441","-76.6121893","39.2903848",5
"442","-76.6205177","39.3299013",1
"443","-76.6412712","39.0457549",3
"444","-76.8770788","40.2555809",2
"445","-76.9425543","38.9869183",1
"446","-76.980549","38.9038899",1
"447","-77.0368707","38.9071923",15
"448","-77.0418407","38.9194861",1
"449","-77.0427934","-12.046374",1
"450","-77.1067698","38.8799697",1
"451","-77.1945247","41.2033216",5
"452","-77.216339","38.927775",2
"453","-77.2497049","38.6581722",1
"454","-77.297508","18.109581",1
"455","-77.3063733","38.8462236",1
"456","-77.3860976","38.9695545",1
"457","-77.4360481","37.5407246",2
"458","-77.5636015","39.1156615",1
"459","-78.0102813","40.4847959",1
"460","-78.319747","44.309058",1
"461","-78.6133589","42.7678376",1
"462","-78.6381787","35.7795897",2
"463","-78.6568942","37.4315734",8
"464","-78.6679541","38.151609",1
"465","-78.7378091","42.963947",1
"466","-78.7811169","35.79154",1
"467","-78.873127","42.8968022",1
"468","-78.8783689","42.8864468",2
"469","-78.9453056","34.9704419",1
"470","-79.0058965","-2.9001285",1
"471","-79.0192997","35.7595731",1
"472","-79.0558445","35.9131996",1
"473","-79.2902133","43.0581645",3
"474","-79.3831843","43.653226",6
"475","-79.3870749","9.0669877",1
"476","-79.4377991","36.0956918",1
"477","-79.532157","43.8169837",7
"478","-79.643778","44.7099419",1
"479","-79.6903316","44.3893556",1
"480","-79.8442978","-6.7765974",1
"481","-79.9223592","-2.1709979",1
"482","-79.9958864","40.4406248",1
"483","-8.1338558","42.5750554",1
"484","-8.224454","39.399872",1
"485","-8.5483247","40.926794",1
"486","-80.0331092","40.3959026",1
"487","-80.085059","42.1292241",1
"488","-80.1289321","26.3683064",1
"489","-80.1300455","25.790654",1
"490","-80.1386547","26.8233946",1
"491","-80.1917902","25.7616798",7
"492","-80.1942628","25.7704554",1
"493","-80.3745782","37.2593618",1
"494","-80.5076244","41.2331055",1
"495","-80.579511","35.4087517",1
"496","-80.6520272","28.0888298",1
"497","-80.782127","8.537981",1
"498","-80.8431267","35.2270869",3
"499","-80.8575394","35.2205059",1
"500","-80.874318","35.26776",1
"501","-81.030253","33.9957263",1
"502","-81.1637245","33.836081",4
"503","-81.3578859","41.1536674",1
"504","-81.3792365","28.5383355",8
"505","-81.4678193","28.4743207",1
"506","-81.5157535","27.6648274",10
"507","-81.5365094","41.3931096",1
"508","-81.6220565","32.1360332",1
"509","-81.6943605","41.49932",2
"510","-81.69804","41.4999077",1
"511","-81.7507549","30.1777249",1
"512","-81.7720522","34.0015232",1
"513","-81.7728543","28.5494447",1
"514","-81.8096656","41.4853424",1
"515","-81.8661442","28.0582985",1
"516","-81.8691228","28.7391313",1
"517","-81.8723084","26.640628",1
"518","-82.0047322","40.1209465",1
"519","-82.0105148","33.4734978",1
"520","-82.1905578","40.5922619",1
"521","-82.3515372","23.1371649",1
"522","-82.4571776","27.950575",7
"523","-82.5081868","32.0357429",1
"524","-82.5306527","27.3364347",2
"525","-82.5436722","27.763383",1
"526","-82.5788865","30.1599909",1
"527","-82.7117457","27.8212971",1
"528","-82.7195451","28.2716755",1
"529","-82.7350514","28.2143574",1
"530","-82.8001026","27.9658533",2
"531","-82.9000751","32.1656221",5
"532","-82.907123","40.4172871",1
"533","-82.9987942","39.9611755",2
"534","-83.023578","37.756217",1
"535","-83.0457538","42.331427",1
"536","-83.0993838","40.1959936",1
"537","-83.1289583","42.453317",1
"538","-83.1785361","42.2505943",1
"539","-83.196492","42.232953",1
"540","-83.2078528","42.2142794",1
"541","-83.2827093","42.5793103",1
"542","-83.3789389","38.5079686",1
"543","-83.7341274","43.1775256",1
"544","-83.7430378","42.2808256",1
"545","-83.753428","9.748917",2
"546","-83.9207392","35.9606384",1
"547","-83.9811014","34.1140497",2
"548","-83.985","42.43472",2
"549","-84.2774862","33.9036189",1
"550","-84.2807329","30.4382559",1
"551","-84.2946539","37.7478572",1
"552","-84.3640829","33.7589188",2
"553","-84.3699338","39.2489271",1
"554","-84.3879824","33.7489954",13
"555","-84.3932312","33.8003947",1
"556","-84.4132594","33.5726113",1
"557","-84.5073963","38.0311683",1
"558","-84.5120196","39.1031182",5
"559","-84.7241133","39.02756",1
"560","-84.8358211","42.5636478",1
"561","-84.9702228","34.7698021",1
"562","-85.032445","33.7370514",1
"563","-85.1488173","9.6272062",1
"564","-85.1733479","34.2532247",1
"565","-85.207229","12.865416",3
"566","-85.3096801","35.0456297",2
"567","-85.3232139","51.253775",2
"568","-85.4024054","42.1438888",1
"569","-85.4668031","38.3426052",1
"570","-85.5872286","42.2917069",2
"571","-85.5900831","42.2475684",1
"572","-85.6023643","44.3148443",8
"573","-85.640289","31.459017",1
"574","-85.6680863","42.9633599",1
"575","-85.6796286","42.9707393",1
"576","-85.6802541","40.1053196",1
"577","-85.7371847","38.2775702",1
"578","-85.7542388","38.2573525",1
"579","-85.7584557","38.2526647",1
"580","-86.1349019","40.2671941",3
"581","-86.158068","39.768403",2
"582","-86.2519898","41.6763545",1
"583","-86.3566659","40.7544843",1
"584","-86.4592091","13.4726005",1
"585","-86.4596966","32.4640245",1
"586","-86.5263857","39.165325",1
"587","-86.538632","39.185058",1
"588","-86.5804473","35.5174913",1
"589","-86.5861037","34.7303688",1
"590","-86.7816016","36.1626638",2
"591","-86.8113781","33.4053867",1
"592","-86.8515279","21.161908",2
"593","-86.8909288","36.1795891",1
"594","-86.902298","32.3182314",1
"595","-87.4606977","37.4143532",1
"596","-87.5761371","41.7964546",1
"597","-87.6297982","41.8781136",24
"598","-87.771964","41.909611",2
"599","-87.8654176","42.3015469",2
"600","-87.883416","43.0623474",1
"601","-87.9064736","43.0389025",1
"602","-87.9196785","43.0405846",1
"603","-87.9358931","41.7697533",1
"604","-87.9490663","42.9654847",1
"605","-87.9762226","36.8861564",1
"606","-88.0118473","41.7435073",2
"607","-88.2039607","41.8847507",1
"608","-88.2433829","40.1164204",1
"609","-88.296146","18.5001889",1
"610","-88.3748655","37.6253502",1
"611","-88.7878678","43.7844397",3
"612","-88.89653","13.794185",2
"613","-88.9906312","40.5142026",1
"614","-89.3985283","32.3546679",2
"615","-89.3985283","40.6331249",2
"616","-89.5031045","43.074868",1
"617","-89.5698058","20.9754578",1
"618","-89.761545","35.1598391",1
"619","-89.946107","35.116467",1
"620","-9.0790724","38.6608149",1
"621","-9.1393366","38.7222524",2
"622","-9.1651047","38.6765238",1
"623","-9.227213","38.750967",1
"624","-90.0489801","35.1495343",2
"625","-90.0715323","29.9510658",4
"626","-90.0772199","29.9295564",1
"627","-90.1994042","38.6270025",5
"628","-90.230759","15.783471",1
"629","-90.256776","32.231676",1
"630","-90.5823138","30.5043578",1
"631","-91.506","44.7966",1
"632","-91.531097","41.668221",1
"633","-91.9623327","30.9842977",2
"634","-92.1053864","37.8287218",1
"635","-92.3570871","34.1569105",1
"636","-93.097702","41.8780025",2
"637","-93.2009998","44.9374831",1
"638","-93.2179259","30.206916",1
"639","-93.2185144","36.6436731",1
"640","-93.2349489","45.1607987",1
"641","-93.2483058","44.4004438",1
"642","-93.2499507","45.2502429",1
"643","-93.260998","31.1435194",1
"644","-93.2650108","44.977753",1
"645","-93.2719782","44.9804106",1
"646","-93.2777226","44.7677424",1
"647","-93.2991931","44.9522896",2
"648","-93.458109","37.613775",1
"649","-93.4880164","45.0216195",1
"650","-93.711332","41.5772115",1
"651","-94.1166333","36.3378999",1
"652","-94.419009","37.238943",1
"653","-94.513281","37.0842271",2
"654","-94.5785667","39.0997265",1
"655","-94.5859969","39.0811274",1
"656","-94.6858998","46.729553",2
"657","-94.7404891","32.5007037",1
"658","-94.8758531","38.5834881",1
"659","-94.9201422","39.3615792",1
"660","-94.961594","29.7270612",1
"661","-95.0761636","41.3175381",1
"662","-95.1532966","36.2928692",1
"663","-95.2255041","32.2268212",1
"664","-95.3656107","29.7601082",1
"665","-95.3698028","29.7604267",15
"666","-95.3761506","40.7667389",1
"667","-95.4183481","29.7351487",1
"668","-95.4612625","30.1658207",1
"669","-95.5669786","29.7242419",1
"670","-95.712891","37.09024",49
"671","-95.891008","41.126674",1
"672","-95.992775","36.1539816",2
"673","-95.9979883","41.2523634",1
"674","-96.2327522","41.2426477",1
"675","-96.3765274","19.371104",1
"676","-96.6699273","39.1371223",1
"677","-96.7028312","33.0205401",1
"678","-96.7969879","32.7766642",4
"679","-96.840133","46.9223429",1
"680","-96.9083366","32.6518004",1
"681","-96.9226178","19.5300435",1
"682","-97.0780654","32.9342919",1
"683","-97.0819541","32.8370727",1
"684","-97.0855948","36.706981",1
"685","-97.1025077","32.4334742",2
"686","-97.1330683","33.2148412",1
"687","-97.1333453","33.6259414",1
"688","-97.1466695","31.549333",1
"689","-97.3197503","32.8676983",1
"690","-97.330053","37.6871761",1
"691","-97.3307658","32.7554883",2
"692","-97.4063351","20.9561149",1
"693","-97.5027376","25.8690294",1
"694","-97.5164276","35.4675602",1
"695","-97.7340567","30.2849185",1
"696","-97.7428165","32.742923",1
"697","-97.7430608","30.267153",9
"698","-97.8202888","30.505198",1
"699","-98.2061996","19.0412967",4
"700","-98.2300124","26.2034071",1
"701","-98.2978951","26.0508406",1
"702","-98.3021192","19.0765772",1
"703","-98.4936282","29.4241219",3
"704","-98.8831503","19.5060382",1
"705","-99.0438249","19.3219488",1
"706","-99.126821","19.473157",1
"707","-99.1273303","19.4729218",1
"708","-99.133208","19.4326077",11
"709","-99.14056","19.43393",1
"710","-99.1561883","19.3437444",1
"711","-99.1712821","19.4121597",4
"712","-99.1728282","19.4094602",1
"713","-99.3395636","20.0535516",1
"714","-99.6556653","19.2826098",2
"715","-99.7232673","19.4968732",2
"716","-99.8109373","16.9212757",1
"717","-99.9018131","31.9685988",7
"718","-99.9018131","41.4925374",1
"719","-99.9018131","43.9695148",1
"720","0.199556","48.00611",1
"721","0.340375","46.580224",1
"722","0.5217254","51.2787075",1
"723","0.8828329","49.524641",1
"724","1.0990045","49.4367322",1
"725","1.297355","52.6308859",1
"726","1.659626","28.033886",1
"727","1.909251","47.902964",2
"728","10.2712297","43.8516258",1
"729","10.451526","51.165691",2
"730","10.5881804","49.9873929",1
"731","10.7522454","59.9138688",1
"732","10.7681884","59.9158558",1
"733","10.9916215","45.4383842",1
"734","100.5017651","13.7563309",2
"735","100.8000051","-0.7399397",1
"736","100.8770813","12.9276082",1
"737","100.992541","15.870032",2
"738","101.686855","3.139003",3
"739","101.975766","4.210484",1
"740","103.819836","1.352083",2
"741","106.6536859","-6.1275118",1
"742","106.822745","-6.1744651",1
"743","106.9755726","-6.2382699",1
"744","108.3322547","-7.3298676",1
"745","11.5819806","48.1351253",1
"746","11.6195745","44.8377601",1
"747","11.97456","57.70887",2
"748","110.3694896","-7.7955798",1
"749","113.921327","-0.789275",1
"750","116.6459654","-32.7427972",1
"751","12.354722","7.369722",1
"752","12.453389","41.902916",1
"753","12.4963655","41.9027835",3
"754","12.56738","41.87194",4
"755","12.5683371","55.6760968",1
"756","12.6216211","42.938004",1
"757","120.9842195","14.5995124",1
"758","121.0244452","14.554729",1
"759","121.0437003","14.6760413",1
"760","121.774017","12.879721",4
"761","128.5737302","27.3336755",1
"762","13.05501","47.80949",1
"763","13.0816305","37.5085148",1
"764","13.2894368","-8.8399876",1
"765","13.404954","52.5200066",2
"766","13.9422848","41.0347852",1
"767","130.6281987","32.9159444",1
"768","133.775136","-25.274398",3
"769","138.252924","36.204824",2
"770","139.6917064","35.6894875",1
"771","139.7148132","35.5620963",1
"772","14.2681244","40.8517746",1
"773","14.367553","41.0854362",1
"774","14.3829123","40.9101303",1
"775","144.963056","-37.813611",4
"776","144.9937739","-37.8491409",1
"777","144.9938303","-37.8501255",1
"778","146.921099","-31.2532183",1
"779","15.2313648","44.119371",1
"780","15.2551187","54.5259614",1
"781","15.35923","60.7467784",1
"782","150.8609358","-33.2262828",1
"783","151.2092955","-33.8688197",11
"784","153.0251235","-27.4697707",1
"785","153.066667","-26.65",1
"786","153.1932534","-28.6104322",1
"787","153.3831175","-27.6705144",1
"788","16.2843553","50.7840092",1
"789","16.3738189","48.2081743",1
"790","16.8825168","48.75314",1
"791","174.885971","-40.900557",1
"792","18.0685808","59.3293235",1
"793","18.4240553","-33.9248685",1
"794","18.643501","60.128161",3
"795","19.145136","51.919438",4
"796","19.503304","47.162494",1
"797","19.699024","48.669026",1
"798","19.8335496","45.2671352",1
"799","2.139998","45.928578",1
"800","2.1734035","41.3850639",7
"801","2.1750239","48.7074303",1
"802","2.213749","46.227638",16
"803","2.2188068","48.828508",1
"804","2.3522219","48.856614",16
"805","2.357443","48.936181",1
"806","2.3912362","41.7855837",1
"807","2.439712","48.908612",1
"808","2.6370411","48.8499198",2
"809","2.8214264","41.9794005",1
"810","20.168331","41.153332",1
"811","20.902977","42.6026359",1
"812","21.005859","44.016521",1
"813","21.2570307","45.7659345",1
"814","21.824312","39.074208",2
"815","22.5058399","40.2805592",1
"816","22.937506","-30.559482",1
"817","23.1210305","37.9463179",1
"818","23.3218675","42.6977082",1
"819","24.938379","60.1698557",1
"820","25.748151","61.92411",1
"821","25.9358367","48.2920787",1
"822","27.953389","53.709807",1
"823","28.0473051","-26.2041028",1
"824","28.2292712","-25.7478676",1
"825","28.9783589","41.0082376",1
"826","29.0227159","40.1794309",1
"827","3.057256","50.62925",3
"828","3.3448536","45.7032695",1
"829","3.3792057","6.5243793",1
"830","3.5599136","51.4734712",1
"831","30.3794118","-29.6006068",1
"832","31.16558","48.379433",2
"833","31.2357116","30.0444196",1
"834","31.3554204","29.8396353",1
"835","34.851612","31.046051",2
"836","34.887783","31.3238993",1
"837","37.6173","55.755826",2
"838","39.2375507","21.2854067",1
"839","39.6682065","-4.0434771",1
"840","4.3517103","50.8503396",2
"841","4.4266158","50.8167203",1
"842","4.444643","50.4108095",1
"843","4.7564892","51.1394506",1
"844","4.805528","43.949317",1
"845","4.835659","45.764043",1
"846","4.8951679","52.3702157",1
"847","41.5260976","58.4807811",1
"848","44.3861933","14.5567538",1
"849","49.5924134","37.2809455",1
"850","5.216051","47.133592",1
"851","5.36978","43.296482",2
"852","5.447427","43.529742",1
"853","5.730216","50.8392661",1
"854","5.8372264","51.8125626",1
"855","55.402868","24.9821547",1
"856","58.2870647","23.6016268",1
"857","6.1193157","49.6091904",2
"858","6.129384","45.899247",1
"859","6.1431577","46.2043907",1
"860","6.1757156","49.1193089",2
"861","6.289287","43.913685",1
"862","6.449403","48.172402",1
"863","6.867567","49.11656",1
"864","6.9602786","50.937531",2
"865","7.0115552","51.4556432",1
"866","7.0498442","4.815554",2
"867","7.1075541","48.3441943",1
"868","7.2619532","43.7101728",1
"869","7.6615938","51.4332367",1
"870","7.7521113","48.5734053",1
"871","7.7760567","43.8159671",1
"872","71.4180622","25.7531537",1
"873","71.4687028","30.1983807",1
"874","72.7637898","40.5171517",1
"875","73.0931461","33.7293882",1
"876","74.3571581","31.5546061",1
"877","76.860565","30.6942091",1
"878","77.0266383","28.4594965",1
"879","77.5945627","12.9715987",1
"880","78.3371785","17.4913212",1
"881","78.96288","20.593684",3
"882","8.081666","17.607789",1
"883","8.227512","46.818188",1
"884","8.452521","55.4683551",1
"885","8.468946","60.472024",1
"886","8.946256","44.4056499",1
"887","83.334056","17.758076",1
"888","84.2463188","27.1001102",1
"889","9.1829321","48.7758459",1
"890","9.1859243","45.4654219",1
"891","9.2744485","45.5845001",1
"892","9.9052156","46.0960948",1
"893","98.6722227","3.5951956",1
"894","99.1966559","61.0137097",2
"895","99.8913421","20.0450379",1
